{
  "disable_gen_nether_sulfur": 0,
  "disable_gen_potassium": 0,
  "disable_gen_sulfur": 0,
  "nether_sulfur_count": 25,
  "nether_sulfur_max_height": 255,
  "nether_sulfur_vein_size": 15,
  "potassium_middle_count": 10,
  "potassium_middle_max_height": 56,
  "potassium_middle_min_height": 6,
  "potassium_middle_vein_size": 9,
  "potassium_upper_count": 20,
  "potassium_upper_max_height": 384,
  "potassium_upper_min_height": 70,
  "potassium_upper_vein_size": 12,
  "sulfur_count": 8,
  "sulfur_max_height": 0,
  "sulfur_vein_size": 10
}